{
  "tags": {
    "allowUnknownTags": true,
    "dictionaries": ["jsdoc"]
  },
  "source": {
    "include": ["README.md", "package.json", "apis/", "lib/"],
    "exclude": [
      "lib/auth/",
      "lib/apirequest.js",
      "lib/discovery.js",
      "lib/generator.js",
      "lib/generator_utils.js",
      "lib/pemverifier.js",
      "lib/transporters.js",
      "lib/utils.js"
    ],
    "includePattern": ".+\\.js(doc)?$",
    "excludePattern": "(^|\\/|\\\\)_"
  },
  "plugins": [
    "plugins/markdown"
  ],
  "opts": {
    "template": "./node_modules/ink-docstrap/template",
    "destination": "./doc/",
    "recurse": true,
    "verbose": true,
    "encoding": "utf8",
    "private": false,
    "readme": "./README.md",
    "package": "./package.json"
  },
  "templates": {
    "copyright": "google-api-nodejs-client Copyright © 2012-2016 Google Inc.",
    "outputSourceFiles": false,
    "linenums": true,
    "systemName": "googleapis",
    "theme": "lumen",
    "search": false
  }
}
